Workbook

Sheet Лист1
A1: Показатель | B1: Вид деятельности | C1: Статья расходов | D1: 45292 | E1: Фев 2024 | F1: 45352 | G1: 45383 | H1: Май 2024 | I1: 45444 | J1: 45474 | K1: 45505 | L1: Сен 2024 | M1: 45566 | N1: Ноя 2024 | O1: 45627 | P1: ИТОГО 2024 | Q1: 45658 | R1: Фев 2025 | S1: 45717 | T1: 45748 | U1: Май 2025 | V1: 45809 | W1: 45839 | X1: 45870 | Y1: Сен 2025 | Z1: 45931 | AA1: Ноя 2025 | AB1: 45992 | AC1: ИТОГО 2025 | AD1: ИТОГО 2024-2025 | AE1: Примечание
A2: Кол-во поездок | D2: ='Данные 2024'!D2 -> 703 | E2: ='Данные 2024'!E2 -> 760 | F2: ='Данные 2024'!F2 -> 742 | G2: ='Данные 2024'!G2 -> 706 | H2: ='Данные 2024'!H2 -> 416 | I2: ='Данные 2024'!I2 -> 462 | J2: ='Данные 2024'!J2 -> 448 | K2: ='Данные 2024'!K2 -> 454 | ... O2: ='Данные 2024'!O2 -> 792 | P2: =SUM(D2:O2) -> 7061 | AB2: =SUM(Q2:AB2) -> #REF! | AC2: =P2+AC2 -> #REF!
A3: Тариф (руб.)
A4: Сумма субсидии (руб.) | D4: ='Данные 2024'!D4 -> 1616900 | E4: =E2*E3 -> 0 | F4: =F2*F3 -> 0 | G4: =G2*G3 -> 0 | H4: =H2*H3 -> 0 | I4: =I2*I3 -> 0 | J4: =J2*J3 -> 0 | K4: =K2*K3 -> 0 | L4: =L2*L3 -> 0 | ... O4: =O2*O3 -> 0 | P4: =SUM(D4:O4) -> 1616900 | Q4: =Q2*Q3 -> 0 | R4: =R2*R3 -> 0 | S4: =S2*S3 -> 0 | T4: =T2*T3 -> 0 | U4: =U2*U3 -> 0 | V4: =V2*V3 -> 0 | W4: =W2*W3 -> 0 | X4: =X2*X3 -> 0 | ... AB4: =AB2*AB3 -> #REF! | AC4: =SUM(Q4:AB4) -> #REF! | AD4: =P4+AC4 -> #REF!
A6: Сумма затрат | D6: ='Данные 2024'!D6 -> 0
A8: Разница | D8: ='Данные 2024'!D8 -> 1616900
D9: =D4-D6 -> 1616900
A10: Поставщик

Sheet Данные 2024
A1: Показатель | B1: Вид деятельности | C1: Статья расходов | D1: Январь | E1: Февраль | F1: Март | G1: Апрель | H1: Май | I1: Июнь | J1: Июль | K1: Август | L1: Сентябрь | M1: Октябрь | N1: Ноябрь | O1: Декабрь | P1: ИТОГО 2024 | Q1: Примечание
A2: Кол-во поездок | D2: 703 | E2: 760 | F2: 742 | G2: 706 | H2: 416 | I2: 462 | J2: 448 | K2: 454 | L2: 491 | M2: 513 | N2: 574 | O2: 792 | P2: =SUM(D2:O2) -> 7061
A3: Тариф (руб.) | D3: 2300 | E3: 2300 | F3: 2300 | G3: 2300 | H3: 2300 | I3: 2300 | J3: 2300 | K3: 2300 | L3: 2300 | M3: 2300 | N3: 2300 | O3: 2300
A4: Сумма субсидии (руб.) | D4: =D2*D3 -> 1616900 | E4: =E2*E3 -> 1748000 | F4: =F2*F3 -> 1706600 | G4: =G2*G3 -> 1623800 | H4: =H2*H3 -> 956800 | I4: =I2*I3 -> 1062600 | J4: =J2*J3 -> 1030400 | K4: =K2*K3 -> 1044200 | ... O4: =O2*O3 -> 1821600 | P4: =SUM(D4:O4) -> 16240300
A6: Сумма затрат | D6: =SUM(D11:D50) -> 0 | E6: =SUM(E11:E50) -> 0 | F6: =SUM(F11:F50) -> 0 | G6: =SUM(G11:G50) -> 0 | H6: =SUM(H11:H50) -> 0 | I6: =SUM(I11:I50) -> 0 | J6: =SUM(J11:J50) -> 0 | K6: =SUM(K11:K50) -> 0 | ... N6: =SUM(N11:N50) -> 0 | O6: ё | P6: =SUM(D6:O6) -> 0
A8: Разница | D8: =D4-D6 -> 1616900 | E8: =E4-E6 -> 1748000 | F8: =F4-F6 -> 1706600 | G8: =G4-G6 -> 1623800 | H8: =H4-H6 -> 956800 | I8: =I4-I6 -> 1062600 | J8: =J4-J6 -> 1030400 | K8: =K4-K6 -> 1044200 | ... O8: =O4-O6 -> #VALUE! | P8: =SUM(D8:O8) -> #VALUE!
A10: Поставщик
A11: Поставщик 1 | P11: =SUM(D11:O11) -> 0
A12: Поставщик 2 | P12: =SUM(D12:O12) -> 0
A13: Поставщик 3 | P13: =SUM(D13:O13) -> 0
A14: Поставщик 4 | P14: =SUM(D14:O14) -> 0
A15: Поставщик 5 | P15: =SUM(D15:O15) -> 0
A16: Поставщик 6 | P16: =SUM(D16:O16) -> 0
A17: Поставщик 7 | P17: =SUM(D17:O17) -> 0
A18: Поставщик 8 | P18: =SUM(D18:O18) -> 0
A19: Поставщик 9 | P19: =SUM(D19:O19) -> 0
A20: Поставщик 10 | P20: =SUM(D20:O20) -> 0
A21: Поставщик 11 | P21: =SUM(D21:O21) -> 0
A22: Поставщик 12 | P22: =SUM(D22:O22) -> 0
... A50: Поставщик 40 | P50: =SUM(D50:O50) -> 0

Sheet Данные 2025

A1: Показатель | B1: Вид деятельности | C1: Статья расходов | D1: Январь | E1: Февраль | F1: Март | G1: Апрель | H1: Май | I1: Июнь | J1: Июль | K1: Август | L1: Сентябрь | M1: Октябрь | N1: Ноябрь | O1: Декабрь | P1: ИТОГО 2025 | Q1: Примечание
A2: Кол-во поездок | D2: 440 | E2: 552 | F2: 514 | G2: 590 | H2: 326 | I2: 417 | J2: 474 | K2: 543 | L2: 959 | M2: 969 | N2: 759 | O2: 971 | P2: =SUM(D2:O2) -> 7514
A3: Тариф (руб.) | D3: 884.4 | E3: 884.4 | F3: 884.4 | G3: 884.4 | H3: 884.4 | I3: 884.4 | J3: 884.4 | K3: 884.4 | L3: 884.4 | M3: 884.4 | N3: 884.4 | O3: 884.4
A4: Сумма субсидии (руб.) | D4: =D2*D3 -> 389136 | E4: =E2*E3 -> 488188.8 | F4: =F2*F3 -> 454581.6 | G4: =G2*G3 -> 521796 | H4: =H2*H3 -> 288314.4 | I4: =I2*I3 -> 368794.8 | J4: =J2*J3 -> 419205.6 | K4: =K2*K3 -> 480229.2 | ... O4: =O2*O3 -> 858752.4 | P4: =SUM(D4:O4) -> 6645381.6
A6: Сумма затрат | D6: =SUM(D11:D13) -> 0 | E6: =SUM(E11:E13) -> 0 | F6: =SUM(F11:F13) -> 0 | G6: =SUM(G11:G13) -> 0 | H6: =SUM(H11:H13) -> 0 | I6: =SUM(I11:I13) -> 0 | J6: =SUM(J11:J13) -> 0 | K6: =SUM(K11:K13) -> 0 | ... O6: =SUM(O11:O13) -> 0
A8: Разница | D8: =D4-D6 -> 389136 | E8: =E4-E6 -> 488188.8 | F8: =F4-F6 -> 454581.6 | G8: =G4-G6 -> 521796 | H8: =H4-H6 -> 288314.4 | I8: =I4-I6 -> 368794.8 | J8: =J4-J6 -> 419205.6 | K8: =K4-K6 -> 480229.2 | ... O8: =O4-O6 -> 858752.4
A10: Поставщик
A11: Поставщик 1
A12: Поставщик 2
A13: Поставщик 3
